gps value x,gps value y
0.4031766284571123,-0.0907506534784766
0.4030163763118241,-0.08925020186469787
0.40369671716552863,-0.08820106447642535
0.4041153597002306,-0.08695576514030987
0.40476590176825716,-0.08586093810119198
0.4052959109582736,-0.08465173094633506
0.40607072258820154,-0.08362238707941272
0.406835606231922,-0.0825882024626447
0.4076612491683167,-0.08160617001422765
0.40848725638988964,-0.08062558394202604
0.40931340702529806,-0.0796459259163781
0.4101397683930331,-0.07866687807184414
0.4109663579526079,-0.07768822808456635
0.411793162832605,-0.07670983757146145
0.4126201541356865,-0.07573161857323966
0.4134472962317909,-0.07475351685928709
0.4142745525440638,-0.07377550023012933
0.4151018889294731,-0.07279755044259945
0.4159290309322262,-0.07181994748752545
0.4167555180283062,-0.07084320172039328
0.41758099753384964,-0.06986770353685706
0.41840523421751247,-0.06889371112271324
0.41922813343266113,-0.06792135765547794
0.42004975775609826,-0.0669506638267852
0.4208702013953294,-0.0659814648501922
0.42169151165184277,-0.06501504536491771
0.42256162100200717,-0.06409100735336883
0.42346171116712306,-0.06319145950635827
0.4243795700918822,-0.06230342336811932
0.42530585377300567,-0.061416414698151595
0.42623114559070696,-0.06052033211253363
0.4271457916594669,-0.05960577112009274
0.4280471981335832,-0.05866927707568011
0.42892753528432254,-0.05770465350487379
0.4297868163329591,-0.05671186144037106
0.43062225967935097,-0.05568980469410489
0.43143362410279906,-0.054639712781121896
0.4322179791115227,-0.053562048685931146
0.43297750160989645,-0.05246067896136105
0.4336852578867212,-0.05138654568471688
0.43436591511595796,-0.05029561042999547
0.4350179344522732,-0.04918808174932826
0.4356212861715486,-0.048057359608425616
0.43619667520919847,-0.046913333023617956
0.43675262957478495,-0.04575996219413877
0.43729214703521374,-0.04459875183617921
0.4378156573729061,-0.04343018050994285
0.438325869858511,-0.04225547833182139
0.4388229359381316,-0.041074929533306104
0.4393047561505608,-0.0398881078177702
0.4397741004845828,-0.03869615976927319
0.4402334449770178,-0.0375000273467455
0.44067812980890103,-0.03629850088382108
0.44111317973901615,-0.03509354485864713
0.44153615411911146,-0.03388491991981685
0.4419472403111362,-0.03267311827082616
0.4423466606843576,-0.031458550608722345
0.4427346723537081,-0.030241539137604124
0.44311155899740967,-0.029022313382797066
0.44347762857003453,-0.027801012133755992
0.44383551364993973,-0.026578238702245766
0.44418293014452476,-0.025353307541808895
0.44452254662474044,-0.024126650879995104
0.44484976841117174,-0.022897000115193297
0.44516992629528485,-0.021665294397095535
0.4454807294457819,-0.02043076813785937
0.4457848604275965,-0.01919372456317157
0.44608000029523476,-0.01795346483197712
0.4463688180120076,-0.016710338050827746
0.44664896109689056,-0.015463775935646351
0.44692073216334555,-0.014213809497021869
0.44718677639078297,-0.012960953984817027
0.44744939492041136,-0.011705692392188898
0.44770583793884766,-0.010447703678832004
0.44795838851452174,-0.00918757914063382
0.4482019381849539,-0.007924788907630691
0.4484367566565625,-0.006659745922719558
0.4486655093799696,-0.005393243585488659
0.44888812859716676,-0.004125653772089717
0.4491021841217484,-0.0028570307705984045
0.44931034123497093,-0.001588114241788759
0.4495101821177398,-0.00031892461279796856
0.44970201836820517,0.0009501971523241306
0.44988616966459855,0.0022189770167400855
0.4500653500488407,0.0034869492575272665
0.4502371657939227,0.0047543255352395855
0.4504043544673885,0.006020824526698174
0.45056692627083095,0.00728656186072265
0.4507225045155375,0.008551961386952297
0.45087385292857646,0.009816989928966721
0.4510185915104718,0.01108216827402679
0.4511594907212164,0.012347562727288892
0.45129415739272744,0.013613725494442147
0.4514253643040261,0.014880747470414573
0.45155311900131717,0.01614894541327779
0.4516750054617607,0.01741877965635405
0.4517937900114989,0.018690241343131932
0.45190946177351915,0.019963478804669137
0.45201957879634264,0.021238730058318132
0.4521268991118322,0.022515778885808968
0.45223139550350694,0.023794531880106492
0.4523306074171155,0.025074969447868047
0.45242729019102357,0.026356667541938897
0.4525214096852592,0.027639330833683917
0.4526104993014344,0.028922759942911325
0.4526973199358557,0.030206429412582787
0.45278184130171467,0.03148997674910523
0.4528640378246882,0.032773055151913505
0.4529438896136823,0.034055352016272765
0.4530189462910329,0.03533672002598802
0.45309199157691443,0.036616821005633036
0.45316301699398137,0.03789553190331511
0.4532320193354292,0.03917281093252141
0.4532990004555487,0.04044869972559235
0.45336152169350163,0.041723417141249775
0.4534223905672373,0.04299704168997556
0.453481612723972,0.04426983309057209
0.45353919533197723,0.04554210038460545
0.4535926922820751,0.046814269489660956
0.4536449200554315,0.04808659312646314
0.45369588143967976,0.04935942163576445
0.45374557821949996,0.05063308147207381
0.4537940110525313,0.05190785768410455
0.4538411789103203,0.05318397859317289
0.4538870787738413,0.05446160348138999
0.4539292401430495,0.055740880884499217
0.45397048008470187,0.057021728194622576
0.4540132515371896,0.05830399915284287
0.45405225203086197,0.05958767038768145
0.4540902971503034,0.06087243740439416
0.4541273736808534,0.06215801285827649
0.454163468578001,0.06344406773213802
0.45419856998592073,0.06473024895133742
0.45423266754919966,0.06601619829462772
0.45426575268742525,0.0673015715754952
0.4542978188015651,0.0685860570687618
0.4543288613895934,0.06986939219528034
0.4543564141317129,0.07115142101322877
0.4543833003084259,0.07243196431507282
0.4544095158170647,0.07371097672754111
0.4544350585747873,0.07498849580611713
0.4544599286810051,0.07626464004383295
0.45448412788775855,0.07753960252137304
0.45450765909102925,0.07881364053479437
0.4545305258497195,0.08008706176482559
0.45455273194230456,0.08136020773630015
0.4545742809732495,0.08263343546040038
0.45459269931762153,0.08390712934700768
0.45461330147437984,0.08518155164516757
0.4546307708531885,0.08645705853131522
0.45464794546683046,0.08773384847001767
0.454667301337442,0.08901205908746684
0.45468351576262417,0.09029183886115807
0.4546994281323077,0.09157316115559268
0.4547175125619523,0.09285592422520693
0.4547324442326032,0.09414002789788474
0.454747062232414,0.09542521762522105
0.4547638376372411,0.09671118782392096
0.4547774488488822,0.09799766167581794
0.45479073387816804,0.09928426134664078
0.45480368770205304,0.10057062887139691
0.4548163056096963,0.10185641889065718
0.45482858390446157,0.10314131719434234
0.4548429913241928,0.10442503979458503
0.45485422225817584,0.10570742203877768
0.45486511315063755,0.1069883122479243
0.4548756635356976,0.10826766013149287
0.4548858732009377,0.10954549832300223
0.45489574268881605,0.11082194063039302
0.45490277071071894,0.11209719005872437
0.4549123252761072,0.1133714693581762
0.45491903530694017,0.11464511370840738
0.454928272807684,0.11591843362689767
0.4549346639489548,0.11719181437042808
0.45494358525665857,0.11846558217778819
0.4549496588520475,0.11974009690023953
0.4549582651544205,0.12101562549042648
0.45496402210722175,0.12229243198845366
0.4549723128768081,0.12357066195845481
0.45497775216907493,0.12485043320067724
0.4549857243460008,0.12613173380538661
0.45499084260708134,0.1274145155316766
0.4549984908018056,0.12869860653388682
0.4550032827268182,0.12998380753541003
0.45501060016341055,0.13126981843248395
0.45501756597264986,0.13255632711965348
0.4550216750918084,0.13384299128941127
0.45502830436935066,0.13512943526902016
0.4550320761751363,0.13641532943122023
0.4550383633810362,0.13770034089741742
0.45504179301562864,0.13898421549290194
0.4550477351942712,0.14026673020955627
0.45505082060570823,0.14154776349607628
0.45505391650528165,0.1428272520170227
0.45505952237712316,0.14410521730698003
0.4550622708352456,0.14538178058523551
0.4550650289098575,0.1466571192738653
0.4550677954387776,0.14793148333686218
0.45507056920928096,0.1492051750276562
0.4550758549523293,0.15047852771187195
0.45507827991003713,0.151751908675503
0.4550807147433774,0.15302566686946445
0.4550831589708317,0.1543001370275102
0.45508561173865236,0.15557561565920205
0.4550880723940695,0.15685234515327215
0.45509054038410535,0.15813050078620666
0.4550955254792429,0.1594101770096439
0.4550976428857546,0.16069140046077085
0.4550997695652513,0.16197410011552574
0.4551019045080439,0.16325813105232048
0.45510404621440154,0.1645432769195273
0.4551087010586178,0.16582925781067975
0.4551398980045182,0.16711576390930918
0.4551595205612056,0.16840250630741865
0.4551735253773991,0.16968910568001025
0.455184737202203,0.17097522410849997
0.45519318163303896,0.17226054678614913
0.4552013108065822,0.17354483080059663
0.45520636163372313,0.17482784086385736
0.45520835889504097,0.17610943156072173
0.4552048972566719,0.17738948788202505
0.45519390672366644,0.17866795930775103
0.45518584834116477,0.1799451318048658
0.4551775690525622,0.1812211192739889
0.4557452212375574,0.18252938453046252
0.45528897610358143,0.18378193191812034
0.45568786384888366,0.18510037880341096
0.45521155280647396,0.1863584890163573
0.45559181744723276,0.18769948374242398
0.455094965317002,0.18897036631503072
0.4554206115014087,0.19033419068993057
0.45491585997330325,0.1915592019839158
0.4551601047423016,0.1928674012713281
0.4546519267562529,0.19409210920285172
0.45489457120981774,0.19540204858159407
0.45438243239768966,0.1966297182171885
0.4546228654481622,0.19794111506127657
0.4543835815718332,0.19919919170497344
0.454214374811299,0.20046539840531927
0.4546458632706527,0.2018248592784082
0.4541830461785834,0.20304137936429703
0.45416506274846985,0.20433877740364906
0.45399955125198177,0.20560967405599992
0.453792830394173,0.206871754993119
0.4535579019122388,0.20812772114248643
0.453309424433683,0.2093808781600281
0.4530556770330746,0.21063320188150605
0.452794275304553,0.21188430711936201
0.452530735693243,0.21313539104522886
0.4522650089560193,0.21438641880027345
0.4519969594491308,0.21563733064602839
0.4517288483550857,0.216888604021425
0.45150213184915466,0.21815004258517523
0.45127518177478515,0.21941235782678595
0.45155156847415573,0.22082018949858245
0.45115249408253033,0.22203986409241716
0.45107260032205343,0.2233695233520944
0.4504989053091557,0.22453992392689306
0.45039390914441113,0.22586058298809789
0.4498021024799101,0.22700298587384143
0.4495562521232695,0.22827631119492292
0.449173498424245,0.22949990114613275
0.4487458664123727,0.2307056675759381
0.4482888811996751,0.23189947021729274
0.447818844981777,0.23308807796470157
0.4473412982784025,0.23427388723764087
0.44686118574962297,0.2354590314163365
0.44638943217563476,0.23664822629160767
0.4459066360480464,0.23783314058487323
0.4459765054160098,0.23928243242821012
0.4453763028654661,0.24041797408510285
0.44507385609681743,0.2417128885759538
0.4443389667075034,0.24276914941715916
0.44400779755652764,0.24405440932684316
0.44322726353610375,0.24508037998208548
0.44278915342152636,0.24630826690799965
0.4421905970330898,0.2474429624617548
0.44156986479334265,0.24856370742537526
0.44091701512838744,0.2496639782889471
0.4402495320228079,0.25075489781958854
0.4395727096379367,0.2518399810174671
0.43890935392254904,0.25293427825764375
0.4382448085869571,0.25402841234090234
0.4376197977637733,0.2551501756288211
0.4373983769453082,0.2565736075883974
0.43659684676472266,0.257578391171565
0.4360554766644293,0.25879884520822144
0.43522185591418555,0.25977045610034427
0.434643115556399,0.26096413461736334
0.4336759154177424,0.2618150552658983
0.4330336139646047,0.26295914114267044
0.4321880931922452,0.26392017289217257
0.4313817224731693,0.26491835762522553
0.4305340951481899,0.26587723474065134
0.429665541152898,0.26681582007556376
0.4287866810950499,0.2677445259214158
0.4279034528971652,0.2686693214367342
0.42704783240611566,0.26962261541120836
0.4265634987060556,0.2709850057494665
0.42558360051133015,0.2718152210731551
0.42482059052061605,0.2729048526868986
0.42397140527511556,0.273903340867419
0.4230160249244478,0.2747649191176545
0.4220674142359536,0.2756367696644141
0.42106748255353854,0.27643691386424973
0.4200445158256343,0.27720372258791987
0.4190090465336197,0.27795244818687515
0.4179689423331558,0.27869484023847896
0.41692436603430655,0.27943130797924737
0.41588232520077134,0.28017228323649357
0.4148670871426747,0.28095437619655034
0.4138577080354659,0.2817479420213408
0.41310846954363795,0.2829826875400984
0.4119813966849303,0.2835987186435393
0.41101078285409254,0.28451441411247247
0.4099577589620963,0.2852782937647627
0.40891204017535043,0.2860685235314622
0.4077725850345869,0.28665511827698453
0.4066333334342464,0.2872407448539254
0.4054764657042068,0.2877837088243158
0.4043111502207316,0.28830612198344013
0.4031416587127371,0.2888188559335738
0.40196996841070526,0.2893271302134672
0.4007951456934415,0.289828828208178
0.3996316565443925,0.29036004482731886
0.39847183621626203,0.29090273684788315
0.39749360515594384,0.29196461300491977
0.3962676790529747,0.2923453513378816
0.39513575849849086,0.2930505549124988
0.3938457227732466,0.29326210138943615
0.39270807720606005,0.29394164442005843
0.39143420342367513,0.29412179729956467
0.39025544411797786,0.29466533613357543
0.38903570580701186,0.29505713595427896
0.3878077443302215,0.2954128129132025
0.38657258939048245,0.2957347929573241
0.3853339616989052,0.2960404950071294
0.38409351564559424,0.2963384539629432
0.38285512394431526,0.2966479871500535
0.3816171500434076,0.296962160373056
0.3803781871249034,0.2972748361805063
0.379137572907972,0.29758293565263344
0.3779638788526039,0.2982884954777857
0.376637491163327,0.29813746313773065
0.3754486247353876,0.2988301407358329
0.3741263905302473,0.2986587866530709
0.37292883200348936,0.2993365558320365
0.3716082662757659,0.29914579061522617
0.37039854793270305,0.2997671815390973
0.36908004177950055,0.2995633562792753
0.36785940262297834,0.30010985967214343
0.3665420628066469,0.2999029204753946
0.36532184946531643,0.30044833284756195
0.36404661495770535,0.3005679376793448
0.3627739201256066,0.30069535913519563
0.36150222258371906,0.30082349053059715
0.36023090902782073,0.3009519876499744
0.35895961440884766,0.3010808094154588
0.35768813332452765,0.30120995483694163
0.3564163664424253,0.30133941800989833
0.35514560874507195,0.3014846594335306
0.35387547351493825,0.3016306256840667
0.35260499470484163,0.3017742549792105
0.351335917621086,0.3019179015987686
0.35006680060291234,0.30205878099820793
0.34879831528328864,0.30219928637706267
0.34752939806042105,0.302337515484168
0.3462605352243661,0.3024677433589635
0.34499240203149056,0.3025931366671436
0.34372542940977224,0.3027164579476746
0.3424598465035971,0.3028401292164605
0.3411956878659299,0.30296622394288836
0.3399290303932185,0.30304972245052847
0.3386646677166095,0.30315313371137015
0.33740056964870185,0.30325682290825795
0.33613624962177735,0.3033606255059905
0.33487121811517223,0.30346456445517206
0.3336050008896751,0.30356866575248664
0.3323371695130357,0.3036729696305698
0.3310673654463479,0.303777495236323
0.329795323346693,0.30388225559334886
0.32852109501417837,0.303989762267295
0.32724521085052066,0.3041069977106872
0.32596662594120934,0.30422020736152744
0.3246857807803428,0.30433219604425077
0.32340221527640334,0.30443304371025065
0.32211724664140656,0.3045340723334604
0.320799070294594,0.30430158051839507
0.3195471894491321,0.3047859715736169
0.31822444198133387,0.30455267663579305
0.3169678113034971,0.3050373875925861
0.31563888463257384,0.30480412240979715
0.31437526149646866,0.3052893235770615
0.31303838575034526,0.3050566588968605
0.31180308094036596,0.3055384119926543
0.31049808627604997,0.305302575973844
0.3092621362046017,0.3057850763279641
0.3079563443441843,0.3055484385323201
0.30671981837966145,0.3060315218383631
0.3054134896061956,0.30579424773706737
0.30417319417367805,0.30627815162879035
0.30281435835160375,0.3056258461132145
0.30159355787546727,0.30617116020383073
0.3002733504917933,0.3059861581041843
0.29905575459300665,0.3065308909821522
0.2977359267332833,0.3063190402963729
0.29652097740504857,0.3068673579476872
0.29520255291196806,0.3066646589045234
0.2939891349439078,0.30721569164253526
0.2926711618494556,0.30702178654944196
0.29145871437457144,0.3075749082815301
0.2901371399812909,0.3073657744518571
0.2889266625096899,0.3079237545233699
0.2875810774383844,0.30773489745444144
0.2863255650422284,0.30796032750997987
0.2849349603827775,0.3075262164354273
0.2837208644038561,0.30794775839407657
0.2824189856673336,0.3080056145367787
0.28116360077327573,0.3082547003303045
0.27991776552207864,0.30853746569893925
0.2786812734102191,0.3088536085289071
0.2774490325014944,0.30918580465063283
0.27621913080775073,0.30952799756962274
0.27498989921117534,0.3098749328390897
0.2737605910377447,0.310223842673591
0.27253058827213134,0.3105724586575062
0.2713007803071922,0.31092369847834334
0.2700719838593647,0.311279948153843
0.26884278879885865,0.31163626493630325
0.2676026455527337,0.3119587929443121
0.26618355967067864,0.31178051324575384
0.2651080730935889,0.31256789352982783
0.26373220648725815,0.3125514553475883
0.2626570295022968,0.3133588597525825
0.26128428435365325,0.3133585411282387
0.2602321406318407,0.3141769073389541
0.2588608393700011,0.31419376277534167
0.2578202178622769,0.3150278888965013
0.25647745089775037,0.3151251918584489
0.25544260645763645,0.315966120907094
0.2541189659171129,0.31611291738771724
0.25308565672622574,0.31695509887596385
0.2517560658005893,0.31709051594959015
0.2507253185402038,0.31793622132478105
0.24939827840923462,0.31808265798808577
0.24836960494395272,0.3189311417201126
0.24718691611128962,0.31942168116412756
0.24600570173787867,0.31991160795797696
0.24482520282636827,0.3204010233300882
0.24364494282027907,0.32089011539832324
0.24246463779288627,0.3213790613512984
0.24128413030486717,0.32186798283091567
0.2401033463713481,0.32235696025284444
0.23892226506265396,0.3228460439016675
0.2377408974447858,0.32333526237058324
0.2365592722758235,0.3238246289371348
0.2353774265375209,0.32431414634011974
0.23419539938432757,0.3248038103228908
0.2330132284710819,0.3252936122296014
0.2318315272949914,0.3257833386361293
0.23085916599897335,0.3268222530688612
0.22952857649660163,0.32691817021493097
0.22844437772032344,0.3276923969102942
0.22710837944652806,0.32779089568188524
0.2260282634067625,0.32856515217240584
0.22470232628752984,0.3286605221033245
0.2236236377335009,0.3294356167940529
0.22229578650420267,0.32953170706573914
0.22121820225362188,0.3303074017003496
0.21989006990645887,0.3304036594670907
0.21881320482257705,0.33117985637688363
0.21748484356991002,0.3312762512702601
0.21640842903039303,0.3320528603312842
0.21518044610773,0.3324185371050307
0.21421889972658986,0.3336416799929396
0.21296450414921342,0.3339273007545276
0.21179981353871463,0.33456969275601545
0.21051740915357434,0.3346984991784567
0.20932014281567893,0.33519786454845407
0.20808797309485086,0.33554255909129427
0.20684999364562295,0.3358485769083232
0.20560758998742984,0.33612343792873295
0.20436286779585786,0.3363820010204738
0.20311575489344905,0.3366327936493527
0.20186568198492885,0.33687863842083876
0.20061463395549928,0.3371220478361482
0.19937708374509736,0.33743817482465105
0.19813240855439035,0.33771730989927695
0.1969516614910034,0.33859585774748546
0.19566907367433883,0.33869005221148
0.19440220691614113,0.3391227764516842
0.19312984808768022,0.33950893261433923
0.19184984992760135,0.3394866382707126
0.19056876789104715,0.3398309569256493
0.18929291808904294,0.33965604614672273
0.18800927263321765,0.33987936992272494
0.1867276199771101,0.3399176404981293
0.18544663743802509,0.3399323731765909
0.18416723880835523,0.3399082160094288
0.18288864121560533,0.33986387015065617
0.18160667621077878,0.33986694636232356
0.18032485746096194,0.33985167734758676
0.1789839866217049,0.3403475799716887
0.17772510363501656,0.3400801964070557
0.17641407986007152,0.34017548816162635
0.17514738793427048,0.33998081241454303
0.17386554092987364,0.3398804286349911
0.17259492933513307,0.33971519205656225
0.17133060968161928,0.3395162828003942
0.1700688363465243,0.33930373253679214
0.16880838995849817,0.3390834313160941
0.1675486589284067,0.3388582588393716
0.16628959290737721,0.3386284066874183
0.16503022009579035,0.33839885868208985
0.16376633644638317,0.3381903119744736
0.16250524389982227,0.33796631885551426
0.16124678324779104,0.3377306649094757
0.15998287153295385,0.337524182614915
0.15872684572374718,0.3372862126305971
0.15747544413952488,0.33703419322271433
0.15622755101752997,0.3367741949640923
0.15498253260525963,0.33650923343716976
0.15374021754000552,0.3362395924978464
0.1524997542871224,0.33596789349286743
0.15126080198724542,0.33569402725865827
0.1500223704920851,0.3354202308964976
0.14878461237745758,0.33514366276581264
0.14754701803836165,0.3348641839974151
0.1463131804759407,0.33456499112499644
0.14507565233725656,0.33427459067886645
0.14384028261747667,0.3339674762510059
0.1426027064291998,0.33366006887244026
0.1414465927591874,0.33298101470961694
0.140115355916295,0.3330544956338141
0.13893790599029815,0.332421601296554
0.13759594179978868,0.3324930471435607
0.13640594470921413,0.33185652502387414
0.13505022623028864,0.33192490768921623
0.1338457143998126,0.3312850639384252
0.1324761021277447,0.3313497408092183
0.1313093048438076,0.33071941648033204
0.12998462263730565,0.3307934728530647
0.12881766861774843,0.33016229062935065
0.1274921835849247,0.3302367938754323
0.12632478569081987,0.32960490943635823
0.12502146605783962,0.3295702013359445
0.12393269666628041,0.3284596512812282
0.12262531350206207,0.32850608973958983
0.12138941886618226,0.3281062408915349
0.12013484905871037,0.32783700995297543
0.1188748446219702,0.3276201025193082
0.11761308087899155,0.32743223024678064
0.11635301912834274,0.3272574253963184
0.11509259183994128,0.32708992138419785
0.11382858199959968,0.3269269884027847
0.11256297739223207,0.3267661968070977
0.11129615449423547,0.326607814978692
0.11003002032366581,0.32644964875655597
0.10876873333568003,0.3262850268581095
0.1075072738881136,0.3260631831276559
0.10626942412007301,0.3253039827518932
0.10498381360479137,0.32528555359379097
0.10369519487089912,0.3249290501535686
0.10241502342884556,0.3249569186561647
0.1011244198586999,0.32464645273927156
0.09985359925241274,0.32485431587794794
0.09856067483825023,0.3246139826962676
0.09728947341630717,0.3247817173335081
0.09600108579511726,0.3246850253946191
0.09471852291596017,0.32469583906921784
0.09343988459374904,0.3247571025173724
0.0921632128460873,0.3248418177565774
0.09088741664937633,0.324938279836133
0.08960715978819651,0.3249954840081963
0.088251630666461,0.32454130212963184
0.08701201706321852,0.32490658336806166
0.08570733375628925,0.3248875905060842
0.08443238105265637,0.32504182229855405
0.08316349424388195,0.325223824161626
0.08190133893935612,0.3254373477120979
0.08064325013485811,0.32566984537725246
0.07938673306029137,0.3259100563113493
0.07813106697638811,0.3261551224451328
0.07687615765257766,0.32640486269639113
0.07562092838620178,0.3266543141825492
0.07436598764148462,0.32690630251918884
0.07310669176116855,0.3271397964155375
0.07185061849615512,0.32738837999692416
0.07058961949381469,0.3276133417545294
0.06934174724609558,0.3278908497255911
0.06809575138630666,0.32816994857577436
0.06685131068676455,0.328448267559048
0.06560972435508779,0.3287308977298715
0.06437029735843446,0.3290151769865456
0.06313226146982812,0.3292988183448397
0.061896540418988594,0.329586983812277
0.06066147753902852,0.32987472408345797
0.05942725597879387,0.3301648780100764
0.05819275676066211,0.33045523056402887
0.05695812546468736,0.3307486264784728
0.05572285908830187,0.3310452046094293
0.054486511141848076,0.3313450927922303
0.053254353405878405,0.33166985290974915
0.0520197406802454,0.3319949878725746
0.05089035316999608,0.3327781478799018
0.049555413659973326,0.3327103153408465
0.04837752905249246,0.33334895920305824
0.04703074890854335,0.33328382417699265
0.045838962987162515,0.33392654284686063
0.044477575499424486,0.33386511653993867
0.04327071710463726,0.3345112640320324
0.04189570911038774,0.33445394322941546
0.04073765944367905,0.3350876098899929
0.03941749807199318,0.33501863796729314
0.03825730817297396,0.3356539046669724
0.036934554887322744,0.3355848067738238
0.03577253590047311,0.3362212635692353
0.03447327685788555,0.3362610624011869
0.03339101069940567,0.3373768757746489
0.03208853963494002,0.3373624415570245
0.030857549188309977,0.33778718652431555
0.02960090989503707,0.338037173419385
0.02834159443029271,0.3382551249314146
0.02708100700143848,0.3384466871710242
0.025821694474187647,0.33862247493559555
0.02456134399212689,0.33879097400845315
0.023297390035952457,0.33895491838834835
0.022030252509270633,0.3391143202649217
0.02076197297958523,0.3392716634119714
0.01949289408829321,0.3394267382721771
0.018227982056829503,0.3395865975944089
0.0169642612024146,0.33980736749252033
0.01572834440436405,0.3405740843323235
0.014444002124149959,0.34059615446249397
0.013162462762978819,0.34095669647238946
0.011878628287641744,0.34104654481776847
0.010584108159154629,0.34134416025613257
0.009315138622788634,0.34112344062752903
0.00802382055535579,0.34129393591387563
0.006741329780817044,0.34128678293474246
0.00546096828237021,0.34125100735848674
0.004183689571162772,0.34117773469306373
0.0029077480039567402,0.3410873725997421
0.0016322821764127235,0.3409886036644145
0.0003572214779135902,0.34088197804838577
-0.0009231200090466431,0.3408237398376648
-0.002200668492398151,0.34073207084559237
-0.0035585099653212982,0.34118066266679914
-0.004799300908070651,0.34082333844006163
-0.006105697434794059,0.34084131787645977
-0.0073804888046188274,0.34067944491925006
-0.008649004088851808,0.3404921361893391
-0.009909953215627515,0.3402706588339823
-0.011166644493048182,0.34003022860453674
-0.012421664145791298,0.33978208684634015
-0.013675245485529083,0.33952671567504994
-0.01492860351285099,0.33926938696796033
-0.016182265262101765,0.3390123326527639
-0.01743507857930511,0.3387503678079532
-0.018688136727722834,0.33848849691438293
-0.019945175628534755,0.33824511455882755
-0.02119803992462578,0.3379868054128817
-0.022440908651725495,0.33769089937954244
-0.02368233916656156,0.33739586106406233
-0.02492372925305667,0.3371086422944386
-0.026164379495783707,0.3368263758089942
-0.027404152705471196,0.336547759998042
-0.028642026461857747,0.33626728540105555
-0.029878952822392148,0.33598722445456647
-0.03111475095033995,0.3357047570156853
-0.03234994618809518,0.3354197559549893
-0.033585678002429585,0.33513444474193127
-0.034821823079080674,0.3348459808425613
-0.03605887972272508,0.3345542336909433
-0.03729177005678577,0.33423759121436014
-0.038527059131569,0.3339205840692055
-0.03965996694299675,0.33314485223253737
-0.040993251826939386,0.33322137546051656
-0.042174004844081354,0.3325903129851608
-0.043519531191213795,0.3326641509110149
-0.0447146806629338,0.3320289299815001
-0.04607539697725403,0.33209903968384236
-0.04728623722061844,0.33146031131642806
-0.0486612186736593,0.3315262575542936
-0.04982427185367653,0.3308994501550607
-0.051144912046221916,0.3309765415363022
-0.052309727618109175,0.3303482719489879
-0.05363262103891894,0.3304255339368952
-0.05479901834119598,0.32979616505887444
-0.05605236714095939,0.32954333132519437
-0.057304606286279446,0.32929061019283695
-0.05842169870179889,0.32821193608112276
-0.059741931091651,0.3284155780052985
-0.06095164042320546,0.32775973842856837
-0.06226774033369933,0.3279820029009326
-0.06348194403431455,0.32734241155314164
-0.06479469884694478,0.32758275851471297
-0.0660159138332872,0.3269608002596537
-0.06732552169666928,0.3272188525300865
-0.06856006851401243,0.3266892339915386
-0.06986787788824585,0.3269533027593709
-0.0711069543126643,0.3264597245675664
-0.07241393871094662,0.32672576257455216
-0.0736518321972946,0.326199315048548
-0.07491265429177196,0.325503117040782
-0.07621797133847458,0.3255370967575151
-0.07750139904708533,0.3252200730563678
-0.07877001648514323,0.3254269262127747
-0.08005301785086694,0.3252453789707688
-0.08133148159823955,0.32523487434695725
-0.0826086545113916,0.32525851620222873
-0.08388436363609991,0.3253154196984967
-0.08515957058624453,0.3253893165711461
-0.08643467618596512,0.3254734793177874
-0.0877100728857845,0.32556239526948266
-0.08898611072476624,0.32565125602110095
-0.09026675993584471,0.32569380603655934
-0.09154522071164028,0.3257704975224262
-0.09282741669726143,0.32581764966240256
-0.09418459056842668,0.3253650850966375
-0.095424461554769,0.3257316107560113
-0.09672999177545574,0.32571442512269777
-0.0980053023636468,0.3258703174780245
-0.0992743462275817,0.326053932400579
-0.10053647593889721,0.3262691439395003
-0.10179440348028329,0.32650339655519284
-0.10305066641540711,0.32674542415549196
-0.10430600836787342,0.3269923607092454
-0.10556053838627369,0.32724401723676244
-0.10681535469705196,0.32749542674537485
-0.10806933119248707,0.3277517750001038
-0.10932826558494055,0.32798695218861396
-0.11058371670111126,0.328237192330458
-0.11184340182448298,0.3284661133235858
-0.11308648528202164,0.32876195105952577
-0.11432820927705728,0.3290568878295159
-0.11556833343300643,0.3293509637421981
-0.11680677618587744,0.3296442510845086
-0.11804523781871035,0.32992990344300116
-0.11928386891530379,0.3302083365325157
-0.1205215497350266,0.3304860373432745
-0.12175865780177283,0.3307634591674133
-0.12299506220360716,0.3310434279128771
-0.12423188740477563,0.33132370640131314
-0.12546902182470518,0.33160713047554446
-0.126702211010759,0.3319128935836436
-0.1279366690208887,0.3322217455490326
-0.12917342908269763,0.33253096787993974
-0.13041270948068034,0.33284065127123785
-0.13154408888118613,0.3336519412009967
-0.13287954817610534,0.33356108330808426
-0.13406977235841344,0.3341797905017471
-0.1354178243131094,0.3340918666450066
-0.13662288995085595,0.3347147134476414
-0.1379861642215681,0.33463065475721965
-0.13920675535176055,0.3352567621201982
-0.1405315074326246,0.33516547068348873
-0.14170659224016563,0.3357816258600697
-0.14303149819589453,0.33569063638403845
-0.144206739092009,0.3363076843138685
-0.145535085364002,0.33621706071624313
-0.1467099408949685,0.3368346240684753
-0.14799949009194646,0.3369183635464542
-0.14910970177358857,0.3380075696191304
-0.15039420483971505,0.33809898941587635
-0.15163159058719003,0.338573950411655
-0.1529200511466347,0.33854396942005516
-0.15417057324902494,0.33888257777018893
-0.15543593330299726,0.33908141257941304
-0.15670125226035925,0.33922737521260743
-0.15797318217930653,0.339343094136114
-0.15924645795370254,0.3394431742150004
-0.16052075606916164,0.3395351363483294
-0.1617959275665597,0.3396220782697474
-0.16307153903659583,0.3397134502186228
-0.16434482475013587,0.33986652249308524
-0.1656194577983932,0.3400310538904324
-0.1669029300053325,0.34070597993776897
-0.1681860448496382,0.3406448026928152
-0.16948789789288263,0.34092192866232596
-0.17079519354855777,0.3411428727989265
-0.17205464735238166,0.34088332537024013
-0.17336685107547942,0.34108382437737067
-0.17461635453421523,0.34076912109209695
-0.17591896130701357,0.34085860784593847
-0.17719775266900545,0.340755344480931
-0.17847347273554828,0.34063109782896117
-0.17974268559581005,0.3404659625310975
-0.1810157564964097,0.34032076522279664
-0.18228265724150491,0.34013749692889134
-0.18366979040506476,0.3404962794941479
-0.18490106192089295,0.34012860683924073
-0.18622801107694975,0.34013029494496955
-0.1874227960925712,0.33963952894540705
-0.18871495538579525,0.3395041645903895
-0.18996760900808024,0.33922465164152243
-0.1912086831364648,0.3389073402958745
-0.1924410402365629,0.338562219917102
-0.1936684349236743,0.33820120117970426
-0.19489359667280096,0.3378326247209734
-0.1961182214504914,0.33746158442075624
-0.19734154067732876,0.33708562177585705
-0.19856811952966552,0.336718719328101
-0.1998057932967219,0.33638376166916156
-0.2010340679471012,0.3360189000306567
-0.20229272910870758,0.3357388508633879
-0.2035216462273505,0.33537200240310233
-0.20473696876412287,0.33496863270504323
-0.20594354183452218,0.3345439956231744
-0.20714512981171623,0.3341094036238354
-0.20834352658891475,0.33367037008903794
-0.20953869153625573,0.3332272054725545
-0.21073245692371995,0.3327847093245573
-0.2119230252452364,0.33233794758806234
-0.21311248004880984,0.33189165119874003
-0.21430010063634294,0.33144308620670654
-0.215481727438477,0.3309807538885822
-0.21665919614167975,0.33050813142202623
-0.21783716224665578,0.3300356723224853
-0.21901792270379916,0.3295678898404664
-0.22019971152039902,0.32909914379391897
-0.22126181899334085,0.32831090544077124
-0.22258427990261284,0.3281945703743349
-0.223653630549639,0.32740187299138485
-0.2249858380774507,0.32728297952229113
-0.22606659704227844,0.3264849121783054
-0.22741224104408214,0.3263614321425967
-0.22850741549725215,0.3255575493326168
-0.22986759729357645,0.32542819889195057
-0.23097694297631705,0.32461945057220915
-0.23229367877758092,0.32450498971974673
-0.2333551972377661,0.3237150513561233
-0.23467408531846748,0.3236004975777435
-0.23573705017588692,0.32280915590285963
-0.23695692265107954,0.3224257859112697
-0.2380164738500954,0.3215824872165102
-0.23934464442370262,0.32152315508688334
-0.2404411627032069,0.3207763249218947
-0.24177050733914762,0.32071548720746357
-0.24286630134879847,0.31996748462548563
-0.2441963401839004,0.3199056687382821
-0.24529174407964527,0.31915679955244775
-0.246622182828362,0.3190943226199764
-0.2477173658022417,0.31834481441241297
-0.24904801429735163,0.3182818931149477
-0.2501430615672369,0.3175319152570349
-0.2514738035072916,0.3174686876200801
-0.2525687550366302,0.31671842445880266
-0.25381335070896305,0.3164053908831817
-0.2550303347652867,0.3160114451228736
-0.2560951085995028,0.31511820689285336
-0.2574270336599182,0.3151216183729365
-0.2585248892470843,0.3142956644929001
-0.2598583146089342,0.31431849877705753
-0.26098071477194856,0.3135621235548153
-0.2623287229440513,0.3135918721343445
-0.26346857164973286,0.31290789232431887
-0.2647988967722751,0.3129424695527081
-0.2659344985717692,0.31223994849170306
-0.26726559550805773,0.3122785865876806
-0.2684055538518428,0.31158556863626385
-0.2697370746648241,0.31162751028818647
-0.27087088028237843,0.3109020764609892
-0.2722027674081562,0.31095314743981556
-0.2733325814115101,0.31019355165001317
-0.2745465879156532,0.3097918302080588
-0.2757880427845372,0.3094806121034848
-0.27703341024533945,0.3092039213419609
-0.27828040498875534,0.30894628094757726
-0.2795287031195682,0.3086987037983948
-0.2807781784411927,0.30845316190225125
-0.2820321690399026,0.3082146459684641
-0.28328524206008404,0.3079754241781534
-0.2845390130278718,0.3077383769669252
-0.28579333992343625,0.30750360888193357
-0.28704809239719226,0.3072711945352223
-0.2883014882414452,0.30703879301550924
-0.28954445606562157,0.30673383532777254
-0.29079436171257356,0.3064659526330956
-0.2920482922674364,0.3062224976852925
-0.2932553016724431,0.3055669047047547
-0.29456785216332565,0.30579258871861276
-0.29579162542005105,0.3051679445608819
-0.29710886792938956,0.30541291809919047
-0.29835257814505156,0.3048028347911566
-0.2996583153904509,0.3050677849109164
-0.3008984934506669,0.30448653231844425
-0.30220127319799717,0.3047691060084132
-0.30345065396161813,0.3042735714683265
-0.3047517762278801,0.3045627998016122
-0.30600360608268173,0.30410262001352234
-0.30730402779655663,0.30439405195855196
-0.3085563386418409,0.3039427642712642
-0.30985642026850085,0.30423549733329636
-0.31110784075837405,0.30375732529699623
-0.31240691236587026,0.3040558569814137
-0.31366274855228826,0.3036276544901999
-0.31496178143557557,0.30392518996593715
-0.3162173417270534,0.3034963849215703
-0.31751643054837403,0.3037931971695165
-0.31877200781725135,0.3033640788890744
-0.32007116333194213,0.30366036879280833
-0.3213268487031587,0.30323103077356833
-0.32262604598795513,0.3035269476512739
-0.3238818435543337,0.30309745507463465
-0.32518105380119466,0.30339310893786076
-0.3264369377294977,0.30296350770751324
-0.3277361392177905,0.3032589786094987
-0.32899207918131645,0.30282930121645435
-0.33029125911809765,0.3031246466226075
-0.331596336873803,0.303369669593342
-0.33283860008459076,0.30289166033215004
-0.3341429053162927,0.3031380954998925
-0.33538632676208113,0.3026612730999008
-0.3366903080182767,0.30290872360992976
-0.33793445960915025,0.30243263200050485
-0.339238341736695,0.30268074672605266
-0.34048292530560664,0.3022051342185347
-0.341786791790937,0.30245367142139024
-0.34303161133782445,0.301978389279971
-0.3443354837801761,0.3022272042645151
-0.3455804174988801,0.3017521588610662
-0.3468842940454481,0.3020011697484903
-0.348129270579741,0.3015263095835875
-0.34943314362351224,0.30177546249523407
-0.3507618995626651,0.30208151369798997
-0.3519979144434155,0.3015412591637832
-0.35332469586115967,0.3018211310341815
-0.35453381140300116,0.30127220731727916
-0.3558532132566501,0.30147104004748604
-0.3570653503056207,0.30091914468048475
-0.35838494698827766,0.301115337435671
-0.35959632350260806,0.3005607799444899
-0.3609167282669167,0.30075504222021976
-0.3621270511419845,0.30019741857855375
-0.36344835282605586,0.30038879852974226
-0.36465737899660217,0.29982787855184373
-0.36598068447438115,0.3000226666680251
-0.36722995763108635,0.29973187300169574
-0.36865119170906424,0.30028273604943717
-0.36989175530941343,0.2999492883120207
-0.3712165281167269,0.29994765815351176
-0.37239982771851937,0.2994390541020373
-0.37371474809654887,0.2993816262555294
-0.3748908050222942,0.298853027105836
-0.37617546041984684,0.29868216079245347
-0.37741868471529705,0.2983718036241555
-0.3786478393810048,0.2980176781493695
-0.3798669206989806,0.2976330956444997
-0.3810816399236923,0.2972348367609
-0.3822940171174615,0.29682859532742845
-0.38351725172362394,0.2964510158725176
-0.3847451971722837,0.29608347143384417
-0.38618301383560527,0.29621382297847937
-0.38734884338770414,0.2956739070143064
-0.3886589255557144,0.2954406219566045
-0.38994601045617033,0.2951335458994407
-0.39100570033649384,0.29439686155694744
-0.39228629141421545,0.29407403703900414
-0.39333327771653936,0.2933196649928519
-0.3945589559508164,0.29289022511074336
-0.3957178533291988,0.2923376946934397
-0.39684963085531816,0.29173850255939265
-0.3979664813805303,0.29111424143386183
-0.3990748144956176,0.29047563114715724
-0.40021933089368367,0.28989532433804527
-0.40134758924910935,0.28928635379085665
-0.4028017217441506,0.2891464869832668
-0.4038298547529373,0.28837609434733164
-0.40506233184635076,0.2878759684148272
-0.4062444009418978,0.28729333953310526
-0.4071676880110582,0.2864015620497673
-0.4083664230957086,0.28583366299248836
-0.4092265274599418,0.2848728148434118
-0.4103372968235252,0.2841973419337083
-0.41134426194417645,0.28340253657308606
-0.41232596994500814,0.2825802330839451
-0.4132838715695929,0.2817324958182427
-0.41423023785027246,0.280872401173432
-0.4151744884329901,0.2800097124613929
-0.416146471964472,0.2791750258202159
-0.4170937607458307,0.2783139453431664
-0.4184926497960312,0.27787585389181924
-0.4193336745396832,0.27690399708869806
-0.42043179400322983,0.27615230547484787
-0.42150292153443086,0.2753614915829032
-0.42255139006354003,0.2745227831666275
-0.4234682087106839,0.2736005601203656
-0.42430198035699246,0.2726197377127615
-0.4250705784205851,0.27159629856339473
-0.42580474494089204,0.2705509538542046
-0.42651801439298864,0.2694921991576207
-0.42721008195673765,0.2684198828855939
-0.42790767848145495,0.2673500501861859
-0.42862990645505683,0.2662937025913375
-0.42936885443633,0.2652452581969542
-0.43011316672544175,0.264197294808735
-0.43081340089066417,0.2631227351452222
-0.4315010946771627,0.2620400155845469
-0.43230108737189793,0.2610121642975708
-0.4330114858084417,0.2599338823388744
-0.43365348333024234,0.25882116270360495
-0.434274652820712,0.2576980299408994
-0.43489592346658357,0.25657391040839317
-0.43550470873076946,0.25544306494253183
-0.436100915159727,0.25430556242708446
-0.43668221330105716,0.2531606286581441
-0.4372488173264932,0.25200859460982133
-0.437800944032,0.25084978280661335
-0.4383365667531009,0.24968370580382895
-0.4388607353157422,0.2485124157627606
-0.43936880671842005,0.24733464042295886
-0.4398635204990913,0.2461518031228475
-0.44034733135350485,0.24496508610711187
-0.44081788476349365,0.2437739831937996
-0.4412731580317166,0.2425781297851248
-0.44171600241123643,0.24137865559422775
-0.4421466998545693,0.24017578510276985
-0.4425678254136197,0.2389703299959885
-0.44297709084489617,0.23776162015555785
-0.44337481851482824,0.23654971363239488
-0.4437613430040174,0.23533462897513593
-0.4441369997622841,0.23411635356742022
-0.4445044282464977,0.23289541940699354
-0.4448590235134114,0.23167056020303944
-0.44520605967317284,0.23044293697711773
-0.4455432193558278,0.22921189260123848
-0.44587313332331063,0.22797794306440639
-0.4461934545747476,0.22674052603705613
-0.44650447681040184,0.2254997294871996
-0.4468088222239743,0.22425615513675823
-0.4471041058113839,0.22300942431664847
-0.4473905991383017,0.22175976377724407
-0.447670916126172,0.22050787255645726
-0.4479449928970798,0.21925395423299687
-0.44821041695861263,0.21799783213126128
-0.44847215749543584,0.2167406330044511
-0.44872747612047603,0.2154821303341743
-0.4489786694779886,0.21422292737014592
-0.4492206660057177,0.21296243841414983
-0.4494537868359176,0.21170094749511673
-0.44968072146446286,0.21043903815727297
-0.44990145162908246,0.20917682708783752
-0.4501135980637438,0.2079140732090875
-0.450317496232373,0.20665088542913093
-0.45051586471959004,0.20538762003903974
-0.4507063248541412,0.20412393402919066
-0.45088922270618986,0.20285980342597393
-0.4510672943156735,0.20159543672279742
-0.45123815359445707,0.20033042338316237
-0.4514045429485306,0.1990649100801819
-0.451566465600472,0.19779872186830041
-0.45172152548587413,0.19653145389814305
-0.4518724691174575,0.19526323245214364
-0.452016886625121,0.1939937036185627
-0.4521551118806978,0.19272281709409808
-0.45228989158881944,0.1914507626036008
-0.45242120607142816,0.19017751324619298
-0.45254903448558487,0.1889030843959429
-0.45267093761867905,0.1876273489607405
-0.45278966278011934,0.1863506294730185
-0.4529051840659604,0.18507305770029964
-0.45301505386442303,0.18379462735890023
-0.4531220248287118,0.1825157223225974
-0.4532260719580028,0.1812365338785161
-0.4533247462911261,0.17995710444075338
-0.4534208108958409,0.17867780116624363
-0.45351424702008286,0.17739878934079728
-0.4536026086779975,0.17612007185869943
-0.45368867168820304,0.17484191860657045
-0.4537724253672925,0.17356439451652492
-0.4538538631201549,0.1722875215890884
-0.4539329823279827,0.17101127782515074
-0.4540073453196529,0.16973548485876855
-0.45407974690479413,0.16846017914707345
-0.4541501867670481,0.16718522489871304
-0.45421621868819406,0.16591035771023685
-0.45428309472973866,0.16463562594021397
-0.4543455618853673,0.16336062659084558
-0.4544064262926222,0.16208529602722188
-0.45446568617603006,0.1608094658522799
-0.45452088283510006,0.15953290253006125
-0.45457728206875325,0.1582556812845369
-0.45462960600474894,0.15697753776004664
-0.4546806639607116,0.15569853303527337
-0.4547304470286171,0.1544186715612567
-0.4547789457145324,0.1531380006007986
-0.45482615061079606,0.15185660774445503
-0.45487205248306967,0.1505746162745003
-0.4549166424407435,0.1492921786366676
-0.4549574506393244,0.14800940433488635
-0.45499975175846064,0.14672661955436134
-0.4550382534521132,0.1454438763669883
-0.4550757708880941,0.14416142778019542
-0.45511229605993464,0.14287943619149132
-0.4551478224366293,0.14159803781554778
-0.4551823454653907,0.14031733538033342
-0.45521586236149275,0.1390373926273388
-0.45524837188251843,0.13775823092147624
-0.4552774081677991,0.13647978164139177
-0.45530579667021914,0.13520203757142676
-0.45533600089607773,0.13392493981900688
-0.4553627272609976,0.1326482565784538
-0.45538880452434316,0.13137187756046814
-0.45541423217656923,0.13009562376217604
-0.45543900968398204,0.1288193086699031
-0.45546313681658623,0.12754274827172885
-0.45548661335175417,0.12626577093599
-0.4555094388563263,0.12498822663366663
-0.4555316125418269,0.12370999500705965
-0.455550655949907,0.1224309596575171
-0.4555718821129806,0.12115114779789124
-0.45558996996656537,0.11987049063370096
-0.4556102326775484,0.11858909723057784
-0.45562734941981575,0.11730698693416927
-0.4556466330338695,0.11602434166163123
-0.4556627639108191,0.11474125122694148
-0.45568105389977287,0.11345794509215146
-0.4556961856247451,0.11217455188097086
-0.455710995299605,0.11089128877043716
-0.4557279523453653,0.10960835867289609
-0.4557417437651347,0.10832587467986074
-0.45575520596264935,0.10704400126705677
-0.4557683362198605,0.10576284301562727
-0.455781132152486,0.10448246594498976
-0.455793592251413,0.10320289396160326
-0.45580571572605844,0.10192410756902216
-0.4558175023576952,0.10064604491317278
-0.45582895236053883,0.09936860510525362
-0.4558400662499107,0.0980916536424708
-0.455850844718694,0.09681502963430415
-0.4558612885244884,0.09553855444525178
-0.4558713983903667,0.09426204128923307
-0.455878668505811,0.09298529056324949
-0.45588847472627997,0.09170816126526019
-0.4558979443233779,0.09043048417504884
-0.45590457001538875,0.08915212322158511
-0.4559137307429039,0.08787302066259069
-0.455920044037192,0.08659310174858373
-0.45592888946218946,0.08531239072582375
-0.45593739187760496,0.08403091241242264
-0.455943044112897,0.08274873629510342
-0.455951225501939,0.08146600464565179
-0.4559565540084097,0.08018284134420683
-0.455964407310846,0.07889944007374239
-0.4559719109661189,0.07761597190349129
-0.45597656072706394,0.07633261477938291
-0.45598373190172725,0.07504956977505989
-0.45598804793473063,0.07376698159922818
-0.4559948821582532,0.07248500853290879
-0.4559988604546227,0.07120373913921627
-0.45600535523833036,0.06992325940175291
-0.456008994020968,0.06864357910303671
-0.4560126454268339,0.06736469031363601
-0.4560188112510988,0.06608654083150915
-0.4560221192143204,0.06480901681264585
-0.4560254385641867,0.06353199377175407
-0.4560287679519343,0.062255312247974336
-0.4560346115994249,0.060978800802388544
-0.4560375947695826,0.05970225914271198
-0.4560405887401633,0.05842550925503027
-0.45604359258836374,0.057148376982550965
-0.4560491127054994,0.05587071431937367
-0.4560517700585416,0.05459238415231597
-0.456054438145672,0.053313303631774084
-0.45605711590546083,0.05203342360443662
-0.4560623100286343,0.05075274273280687
-0.4560646393166925,0.049471287219554676
-0.456066978410422,0.04818914109062793
-0.4560693260156861,0.0469064196249767
-0.4560741872988571,0.04562327319466869
-0.45607618294102686,0.04433986168520655
-0.4560781868936459,0.04305637328910375
-0.45608019782588677,0.041772995293631834
-0.45608471884848395,0.04048991259826115
-0.4560863750866288,0.03920728308177736
-0.45608803853754526,0.03792525220539218
-0.45608970805072224,0.036643929033313656
-0.456093885778464,0.035363387501220124
-0.4560952002568619,0.03408365049810205
-0.45609652179917204,0.03280470746839755
-0.45609784947530946,0.03152650173552797
-0.4560991820868561,0.030248937063058888
-0.45610051876831037,0.028971882818345222
-0.4561018589032043,0.027695180982856216
-0.45610320205851823,0.02641865463267748
-0.4561045479334764,0.025142117433186475
-0.45610589631908716,0.02386538363775048
-0.4561072470658782,0.022588278053610265
-0.4561086000581387,0.021310645440254235
-0.45611246316707454,0.020032361021161668
-0.4561134572979876,0.018753327976182052
-0.4561144571587123,0.01747349717195809
-0.4561154622462703,0.016192859543228123
-0.45611647161010643,0.01491144932059442
-0.4561174844863649,0.013629342192043384
-0.4561185002441679,0.012346651241609517
-0.45611951834784187,0.011063520882890568
-0.45612304471996323,0.009780120713941218
-0.45612370184324774,0.008496629684572599
-0.4561243641362055,0.007213237096824235
-0.45612503096456003,0.0059301250054392685
-0.4561257012965594,0.004647460429271557
-0.45612637433965675,0.0033653863828797806
-0.45612704948524807,0.0020840141962379178
-0.4561302298742243,0.0008034185622539242
-0.4561305446376799,-0.0004763707626338296
-0.45613086466501496,-0.0017553638777437087
-0.45613118939298625,-0.00303361482543384
-0.4561315178735219,-0.0043112174682572516
-0.4561318494003804,-0.005588300452793902
-0.45613218344630024,-0.006865020305626019
-0.456132519615391,-0.008141553032742114
-0.4561328576076767,-0.009418084674038929
-0.4561331971925723,-0.010694801320409172
-0.4561335381889744,-0.01197187912939698
-0.4561338804502732,-0.013249474875108223
-0.456134223853082,-0.014527717539060864
-0.45613456828882826,-0.015806701392579635
-0.45613491365759995,-0.017086480941223323
-0.4561352598638135,-0.01836706800190258
-0.45613560681337817,-0.01964843106913073
-0.4561359544121146,-0.020930497004332742
-0.45613630256522486,-0.02221315495782026
-0.4561366511776182,-0.0234962623135236
-0.4561370001549397,-0.024779652338202028
-0.4561373494051111,-0.026063143125414058
-0.4561376988402234,-0.027346547354918142
-0.45613804837861055,-0.028629682344156172
-0.45613839794692956,-0.02991237985246592
-0.4561387474821012,-0.031194495111603077
-0.45613909693295934,-0.032475914597403906
-0.4561394462614968,-0.033756562124831406
-0.45613979544360234,-0.035036402938628676
-0.4561426481659236,-0.03631544503594618
-0.4561426341617036,-0.0375937408396894
-0.4561426242202713,-0.038871381377762346
-0.4561426179752696,-0.04014849329625845
-0.45614261462828914,-0.04142523159454741
-0.45614261358466196,-0.0427017713083922
-0.45614261439866033,-0.04397829811786168
-0.45614261673263434,-0.04525499838474238
-0.45614262032737496,-0.04653204915442458
-0.4561426249807275,-0.04780960865875972
-0.45614263053222065,-0.04908780782915922
-0.4561426368520737,-0.05036674327475203
-0.4561426438333545,-0.05164647210171026
-0.4561426513864042,-0.052927008851123926
-0.4561426594348752,-0.0542083247193388
-0.45614266791291086,-0.05549034910250354
-0.45614267676313425,-0.05677297338269201
-0.4561426859351965,-0.05805605675297377
-0.4561426953847264,-0.059339433769574956
-0.4561427050725432,-0.06062292322662661
-0.45614271496406805,-0.061906337877901445
-0.45614272502885245,-0.06318949448423448
-0.45614273524019955,-0.06447222364751576
-0.456142745574843,-0.06575437890325878
-0.4561427560126601,-0.06703584458326138
-0.45614276653640823,-0.06831654202572453
-0.4561427771314749,-0.06959643379887263
-0.45614278778563444,-0.07087552571087188
-0.45614279848880795,-0.07215386649790446
-0.4561428092328227,-0.07343154520718294
-0.45614282001117423,-0.07470868641570412
-0.4561428308187882,-0.07598544354192502
-0.4561428416517885,-0.07726199060999349
-0.45614285250726905,-0.07853851290916507
-0.456142863383079,-0.07981519705013523
-0.45614287427761935,-0.08109222095208352
-0.4561428851896604,-0.08236974429760117
-0.45614289611817543,-0.0836478999672512
-0.4561429070622055,-0.08492678691271822
-0.45614291802074575,-0.08620646485022768
-0.4561429289926644,-0.08748695105831342
-0.45614293997664845,-0.08876821945131204
-0.45614295097117746,-0.0900502019781611
-0.4561429619745286,-0.0913327922716489
-0.4561429729847994,-0.09261585135280107
-0.4561429839999592,-0.09389921508500751
-0.456142995017912,-0.09518270297864131
-0.45614300603657193,-0.09646612787434199
-0.45614301705394517,-0.0977493059857383
-0.4561430280682118,-0.09903206676277033
-0.45614303907780507,-0.10031426204606053
-0.45614305008147704,-0.10159577402054762
-0.4561430610783521,-0.10287652154087164
-0.45614307206796495,-0.10415646448836531
-0.4561430830502753,-0.1054356059252766
-0.4561430940256645,-0.10671399193031901
-0.4561431049949076,-0.10799170912439786
-0.4561431159591279,-0.10926888001963679
-0.4561431269197343,-0.11054565644188433
-0.45614313787833977,-0.11182221138038288
-0.4561431488366748,-0.11309872970265607
-0.45614315979649245,-0.1143753982333813
-0.4561431707594713,-0.11565239572985657
-0.4561431817271258,-0.11692988329187606
-0.4561431927007219,-0.11820799572019876
-0.4561432036812102,-0.11948683428666175
-0.4561432146691719,-0.12076646130314678
-0.45614322566479043,-0.12204689678014845
-0.4561432366678363,-0.12332811735377443
-0.4561432476776832,-0.12461005753859503
-0.4561432586933402,-0.1258926132392984
-0.45614326971350205,-0.1271756473332066
-0.45614328073662297,-0.12845899702478475
-0.45614329176099483,-0.1297424825782439
-0.4561433027848415,-0.13102591696028626
-0.4561433138064137,-0.13230911587596078
-0.45614332482408243,-0.13359190765918028
-0.4561433358364252,-0.1348741424869099
-0.4561433468423021,-0.13615570042204586
-0.4561433578409182,-0.13743649785268966
-0.45614336883186507,-0.1387164919815572
-0.45614337981514325,-0.1399956831240288
-0.456143390791161,-0.14127411469119885
-0.4561434017607129,-0.14255187085883786
-0.4561434127249364,-0.14382907204768508
-0.4561434236852528,-0.14510586845819456
-0.4561434346432871,-0.14638243200739268
-0.45614344560078585,-0.14765894710122793
-0.45614345655951927,-0.14893560073811485
-0.45614346752118795,-0.1502125724749747
-0.45614347848733,-0.15149002479411727
-0.4561434894592414,-0.15276809438747208
-0.4561435004379037,-0.15404688482521545
-0.4561435114239327,-0.1553264610014491
-0.45614352241754497,-0.15660684565428595
-0.4561435334185469,-0.1578880181465866
-0.4561435444263435,-0.15916991557259158
-0.4561435554399731,-0.160452436131231
-0.45614356645815657,-0.161735444585572
-0.45614357747936757,-0.16301877951613275
-0.4561435885019145,-0.16430226197959522
-0.45614359952403016,-0.16558570510894002
-0.4561436105439675,-0.16686892414027787
-0.4561436215600944,-0.16815174632843316
-0.45614363257098123,-0.16943402021896575
-0.4561436435754754,-0.1707156237785618
-0.45614365457276623,-0.17199647094680803
-0.45614366556242797,-0.17327651625704948
-0.45614367654444055,-0.1745557572777699
-0.4561436875191954,-0.17583423474314286
-0.4561436984874704,-0.1771120303657308
-0.45614370945039057,-0.17838926244901576
-0.45614372040936796,-0.17966607953577748
-0.45614373136602415,-0.1809426524338742
-0.45614374232210625,-0.18221916504804112
-0.4561437532793908,-0.1834958045102333
-0.45614376423959246,-0.18477275113839797
-0.4561437752042672,-0.1860501687624315
-0.456143786174732,-0.18732819593604555
-0.45614379715199505,-0.18860693850548205
-0.4561438081366989,-0.18988646393309647
-0.45614381912909074,-0.191166797679708
-0.45614383012900495,-0.19244792183933573
-0.45614384113587464,-0.19372977609937814
-0.4561438521487611,-0.19501226097485408
-0.45614386316640476,-0.19629524314361294
-0.45614387418729446,-0.19757856259689757
-0.45614388520974597,-0.1988620412223089
-0.4561438962319951,-0.20014549235926898
-0.4561439072522903,-0.20142873081467236
-0.45614391826899,-0.2027115828014039
-0.4561439292806469,-0.20399389526619782
-0.4561439402860881,-0.20527554410578844
-0.4561439512844781,-0.2065564408297727
-0.4561439622753627,-0.2078365373119191
-0.4561439732586959,-0.20911582837435116
-0.45615634161047414,-0.21039436018201954
-0.456171805092818,-0.21167223346448416
-0.45618722414978186,-0.21294957761254332
-0.45626213325517917,-0.21422717374826167
-0.45629184527166206,-0.21550453509021586
-0.45628823085580367,-0.21678154665034025
-0.4562669863639441,-0.2180585339108351
-0.4562424437452628,-0.21933592653510747
-0.4562247811270107,-0.22061407561465404
-0.4562103917820269,-0.22189301116709814
-0.45624649614423524,-0.22317422663226782
-0.4562462889125021,-0.22445547498542703
-0.45621336423217324,-0.22573648439715602
-0.45617331291452956,-0.22701801756694276
-0.4561366129886823,-0.22830036258041767
-0.4561000680079656,-0.2295832451549771
-0.4561088307289334,-0.23086868809677968
-0.45607449407568496,-0.23215243246243183
-0.4560185434131115,-0.23343506951952575
-0.4559628496268545,-0.23471754114109963
-0.45590703803023575,-0.23599963660077605
-0.4558961309198159,-0.2372841528952652
-0.4558467644925681,-0.23856575153579215
-0.45577978240345685,-0.23984547526638192
-0.4557113621942742,-0.24112440023494722
-0.4556697263352613,-0.24240489699525636
-0.455605112027955,-0.24368305791312342
-0.4555147893680312,-0.24495845268554314
-0.45542068655157814,-0.24623306659805497
-0.45535375235322845,-0.24751014682286937
-0.4552570687728899,-0.2487842288575295
-0.45514800117034326,-0.2500570687834195
-0.45506567114405544,-0.25133323378521377
-0.4549675051617402,-0.25260822684578216
-0.4548900533524564,-0.2538867982810151
-0.4547652753489969,-0.25516036587856145
-0.4546148564347867,-0.25643142310486167
-0.45449146459984185,-0.25770736628747426
-0.45433600232631843,-0.25897974096927756
-0.45417801774021366,-0.2602526756371179
-0.4540478006638222,-0.26153093978243425
-0.45387683408969365,-0.2628035146581093
-0.45373091162776974,-0.26408103223765417
-0.4535467615901806,-0.2653524927141219
-0.4533802768246058,-0.2666275090659236
-0.4531834675178992,-0.2678970825758582
-0.45298997928197493,-0.2691672334871433
-0.4527960877253321,-0.27043716663643075
-0.45257746722797687,-0.2717017046426401
-0.4523715727110549,-0.2729684702085699
-0.452138408345431,-0.27422880494025487
-0.45193887914089526,-0.27549623989837546
-0.4517113914031587,-0.27675706311553655
-0.4514515118139379,-0.27800980828237287
-0.4511904746198503,-0.27926190688033736
-0.4509367701099995,-0.28051570690347344
-0.45069057575964877,-0.2817717005605666
-0.4504126577741348,-0.28301969122080767
-0.45014744169061494,-0.2842718135510239
-0.4498390733312079,-0.2855125590051127
-0.4495495679069346,-0.2867596501404076
-0.44926136637965847,-0.2880084871998837
-0.4489385448505922,-0.2892481487471328
-0.4486254717909942,-0.29049234097397736
-0.4482899052486917,-0.2917308475640899
-0.4479290979035429,-0.29296233199918226
-0.44757705867859215,-0.2941979997956644
-0.4472336524843745,-0.29543801920759655
-0.44686698238924905,-0.2966710474756511
-0.4464722358335174,-0.2978946773294106
-0.4460789905245457,-0.2991194058678552
-0.4456637509162471,-0.30033600355520873
-0.4452707602222093,-0.30156133285906184
-0.44487577191998406,-0.3027861296751887
-0.4444554602407481,-0.30400068762763427
-0.44406506846472316,-0.3052281782230148
-0.4436408088016703,-0.30644178241760306
-0.4431793804478602,-0.3076391792718551
-0.4426869153157473,-0.30882237911605714
-0.4422055529403,-0.31001060236549044
-0.4417543125114674,-0.31121356531110045
-0.44126879710029726,-0.31240071423356275
-0.4407460550435253,-0.31356976124541075
-0.44022612759864566,-0.31474062949999243
-0.439696794916962,-0.3159071754999416
-0.4391601536300112,-0.31707050023295
-0.4386368706475059,-0.31824208901713025
-0.43808350329751233,-0.3193983029760758
-0.437527727274009,-0.32055446705397705
-0.4369578729710597,-0.32170401285527356
-0.4363887077555822,-0.3228557906600083
-0.43578550576038283,-0.32398873207751266
-0.4351861361596986,-0.3251258527641181
-0.43461143444008304,-0.3262813850622635
-0.4339872662964983,-0.3274075266131333
-0.4333476864048357,-0.3285257858740104
-0.4326716243395002,-0.329620950960221
-0.4319962468194265,-0.33071815045108666
-0.4312970303959754,-0.3317994240016785
-0.4306205512297894,-0.3328982273303956
-0.4299103451084971,-0.3339726388005797
-0.4292062177350285,-0.3350519434854129
-0.4285040699749573,-0.33613329406653203
-0.42778484455813526,-0.33720162300600176
-0.42702552274248173,-0.3382371808256987
-0.42628399032276665,-0.33928737799789016
-0.4255490637394872,-0.3403440101461576
-0.4247575696243639,-0.34135172814431824
-0.4239616213339005,-0.34235543153984305
-0.42317292216728375,-0.34336616100301853
-0.4223747574003708,-0.34436910428261935
-0.42155986611638785,-0.3453573786070631
-0.4207480261219136,-0.346350417940835
-0.41990276362823875,-0.34731215875033616
-0.4190578092431537,-0.34827631169171674
-0.41821140989313266,-0.34924184209667347
-0.4173322360127829,-0.35017532098367743
-0.41644011009772286,-0.3510972182098651
-0.4155563305270325,-0.35203130293419643
-0.41463856760584833,-0.3529294813625443
-0.4137406670268523,-0.35385354534645935
-0.412803912073071,-0.35473413908229773
-0.4118864051506799,-0.35564069335411086
-0.4109472319395469,-0.35652323223942317
-0.4100002587225509,-0.35739845132784076
-0.40904224150388746,-0.3582618045251906
-0.4080634961562583,-0.3590993961842435
-0.4070746566311534,-0.35992453052296514
-0.40606268522741473,-0.36071769606655074
-0.4050739142942288,-0.3615445819775439
-0.4040741409096877,-0.36235265148732615
-0.40305319526516875,-0.3631294289417868
-0.40204192267403993,-0.3639221398368062
-0.4010089943396774,-0.3646819711803128
-0.39996064527473296,-0.3654177042038742
-0.3989214602084473,-0.3661703915709439
-0.39787381391530197,-0.3669115038524249
-0.3967941624475815,-0.36759856377627625
-0.39571783363162927,-0.36829374802215487
-0.39464195125848567,-0.3689928975904099
-0.39355936780260864,-0.3696833509156415
-0.3924493452370651,-0.37032352312249256
-0.39133257279142897,-0.37095275558839186
-0.39021965598004527,-0.3715927208049145
